19hc,19hcA,A,2,1,292,100-129_168-292:40_1078|1-99_130-167:40_1078
1a59,1a59A,A,2,2,349,223-330:1_84|15-222_331-363:1_244
1aj8,1aj8A,A,2,2,340,225-322:1_84|16-224_323-355:1_244
1anx,1anxA,A,4,1,305,14-86:1_82|87-160:1_82|161-246:1_82|247-318:1_82
1avc,1avcA,A,8,1,608,11-90:1_82|91-168:1_82|169-251:1_82|252-323:1_82|363-436:1_82|437-510:1_82|511-599:1_82|600-671:1_82
1axn,1axnA,A,4,1,305,18-90:1_82|91-164:1_82|165-250:1_82|251-322:1_82
1bpo,1bpoA,A,2,2,487,333-487:3_375|1-332:13_416
1c3c,1c3cA,A,3,3,423,2-92:1_95|349-429:1_193|93-348:2_341
1chk,1chkA,A,2,2,238,1-26_122-238:2_306|27-121:31_851
1crk,1crkA,A,2,2,377,1-98:1_29|101-379:31_885
1csc,1cscA,A,2,2,419,277-391:1_84|1-276_392-423:1_244
1csh,1cshA,A,2,2,421,277-391:1_84|3-276_392-423:1_244
1ddz,1ddzA,A,2,1,450,84-139_394-564:32_919|140-307_339-393:32_919
1dfa,1dfaA,A,3,2,374,1-180_416-454:17_428|200-303:27_637|304-398:27_637
1dk5,1dk5A,A,4,1,301,5-90:1_82|91-162:1_82|248-320:1_82|174-243:1_82
1dk5,1dk5B,B,4,1,298,408-490:1_82|491-562:1_82|648-720:1_82|574-643:1_82
1dkg,1dkgA,A,2,2,158,138-197:20_478|34-137:40_1159
1dkg,1dkgB,B,2,2,150,138-194:20_478|38-137:40_1159
1dm5,1dm5A,A,4,1,305,12-84:1_82|85-158:1_82|159-244:1_82|245-316:1_82
1dof,1dofA,A,3,3,385,2-94:1_95|348-403:1_193|95-347:2_341
1dq3,1dq3A,A,4,3,454,1-137_415-454:17_428|138-224:27_637|225-338:27_637|339-414:31_750
1duw,1duwA,A,2,1,289,100-129_168-292:40_1078|4-99_130-167:40_1078
1e2t,1e2tA,A,3,3,274,85-201:21_508|36-49_202-273:31_709|0-35_50-84:42_1317
1ef0,1ef0B,B,2,2,394,1-179_697-700:17_428|180-415:27_637
1efd,1efdN,N,2,1,262,32-122:32_1016|123-293:32_1016
1epu,1epuA,A,4,3,503,358-481:3_375|2-129:32_1016|132-242_482-569:32_1016|243-357:40_1220
1f52,1f52A,A,2,2,456,1-103:27_631|104-456:31_885
1ftr,1ftrA,A,2,1,296,1-16_166-296:31_891|17-165:31_891
1fur,1furA,A,3,3,455,5-138:1_95|408-459:1_193|139-407:2_341
1fur,1furB,B,3,3,450,5-138:1_95|408-458:1_193|139-407:2_341
1fvh,1fvhA,A,4,3,540,358-481:3_375|132-242_482-588:32_1016|2-129:32_1016|243-356:40_1220
1fzc,1fzcC,C,3,3,295,97-143:2_347|144-286_381-391:40_1162|287-380:41_1278
1fzd,1fzdA,A,2,2,197,651-750_837-847:40_1162|751-836:41_1278
1g4m,1g4mA,A,2,1,345,6-176:23_580|180-386:23_580
1gkm,1gkmA,A,2,2,508,1-196:1_95|197-508:2_341
1gtt,1gttA,A,2,1,420,1-211:40_1222|212-428:40_1222
1h1l,1h1lD,D,4,2,467,317-360_481-519:2_360|68-208:32_1016|210-312_474-480:32_1016|47-66_361-473:32_1016
1h29,1h29B,B,4,1,488,38-148:40_1078|149-258:40_1078|270-420:40_1078|421-541:40_1078
1h29,1h29D,D,4,1,481,38-148:40_1078|149-258:40_1078|270-420:40_1078|421-542:40_1078
1hf2,1hf2A,A,2,2,196,101-206:16_420|1-100:31_896
1hf2,1hf2C,C,2,2,201,83-205:16_420|1-82:31_896
1hi8,1hi8A,A,4,3,500,1-30_102-276_333-397:999_999|37-91_518-606:1_230|277-332_398-517:31_891|607-664:43_1370
1hm6,1hm6A,A,4,1,304,41-113:1_82|114-187:1_82|188-273:1_82|274-344:1_82
1hy0,1hy0A,A,3,3,437,27-123_195-234:1_95|365-436:1_193|124-194_235-364_437-463:2_341
1hyo,1hyoA,A,2,2,399,2-114:20_490|116-401:40_1222
1i0a,1i0aA,A,3,3,437,27-123_195-234:1_95|365-436:1_193|124-194_235-364_437-463:2_341
1i4a,1i4aA,A,4,1,305,12-84:1_82|85-158:1_82|159-244:1_82|245-316:1_82
1iom,1iomA,A,2,2,344,221-322:1_84|13-220_323-356:1_244
1j1j,1j1jA,A,2,1,217,1-132:2_349|133-217:2_349
1jc9,1jc9A,A,2,2,220,45-180_254-264:40_1162|181-253:41_1278
1jq5,1jq5A,A,2,2,358,162-367:2_279|10-161:32_1016
1jsw,1jswB,B,3,3,455,6-142:1_95|411-460:1_193|143-410:2_341
1jva,1jvaB,B,3,2,410,279-462_699-741:17_428|466-586:27_637|587-681:27_637
1k62,1k62A,A,3,3,437,27-123_195-234:1_95|365-436:1_193|124-194_235-364_437-463:2_341
1k7w,1k7wA,A,3,3,437,29-125_197-236:1_95|367-438:1_193|126-196_237-366_439-465:2_341
1k8k,1k8kD,D,2,1,282,133-283:31_737|1-131:31_737
1kae,1kaeA,A,3,2,400,106-120_392-431:2_347|6-24_236-364_370-378:32_1016|28-102_121-230_382-388:32_1016
1key,1keyD,D,2,1,211,1-132:2_349|133-216:2_349
1kq3,1kq3A,A,2,2,364,158-363:2_279|0-157:32_1016
1ksi,1ksiA,A,3,2,607,231-646:24_615|6-101:27_655|102-197:27_655
1kzq,1kzqA,A,2,1,253,3-131:23_580|132-255:23_580
1l5h,1l5hA,A,3,1,379,50-208:32_1016|345-480:32_1016|209-319:32_1016
1lml,1lmlA,A,4,4,456,394-460:6_401|461-565:20_497|100-269:27_628|270-393:40_1104
1lwu,1lwuB,B,3,3,315,163-222:2_347|223-369_469-477:40_1162|370-468:41_1278
1lwu,1lwuC,C,3,3,307,83-144:2_347|145-284_379-389:40_1162|285-378:41_1278
1m15,1m15A,A,2,2,354,2-95:1_29|98-357:31_885
1m1j,1m1jB,B,3,3,402,63-206:2_347|207-353_453-464:40_1162|354-452:41_1278
1m1j,1m1jC,C,3,3,386,6-143:2_347|144-286_381-391:40_1162|287-380:41_1278
1m4u,1m4uA,A,2,2,188,96-154:1_98|38-88_155-232:6_407
1m5h,1m5hA,A,2,1,297,1-16_163-297:31_891|17-162:31_891
1m5s,1m5sA,A,2,1,297,1-16_163-297:31_891|17-162:31_891
1m9i,1m9iA,A,8,1,620,11-90:1_82|91-168:1_82|169-251:1_82|252-323:1_82|363-436:1_82|437-510:1_82|511-599:1_82|600-669:1_82
1mhy,1mhyG,G,2,1,141,5-72:2_295|73-145:2_295
1mow,1mowA,A,2,1,248,5-117:27_637|118-252:27_637
1mow,1mowG,G,2,1,233,1007-1117:27_637|1118-1250:27_637
1mqs,1mqsA,A,4,3,565,414-509_550-556:3_375|19-158:32_1016|163-276_557-662:32_1016|277-413_529-549:40_1220
1mty,1mtyG,G,2,1,141,4-71:2_295|72-144:2_295
1n00,1n00A,A,4,1,301,4-87:1_82|88-159:1_82|247-319:1_82|171-242:1_82
1n10,1n10A,A,2,2,216,1015-1138:21_538|1139-1240:23_580
1n93,1n93X,X,2,2,335,28-235:1_105|236-370:1_106
1na6,1na6A,A,2,2,365,4-177:21_530|178-398:32_1032
1na6,1na6B,B,2,2,395,4-177:21_530|178-402:32_1032
1ng6,1ng6A,A,2,2,148,92-148:1_1|1-91:1_43
1o2d,1o2dA,A,2,2,342,180-358:2_279|7-179:32_1016
1o7x,1o7xA,A,2,2,344,220-323:1_84|14-219_324-357:1_244
1ofw,1ofwA,A,2,1,292,100-129_168-292:40_1078|1-99_130-167:40_1078
1ogl,1oglA,A,2,2,246,37-188:2_332|9-36_189-278:2_333
1owb,1owbA,A,3,3,412,267-375:1_84|50-266_376-412:1_244|1-49:19_463
1ppr,1pprM,M,2,1,312,1-155:4_379|156-312:4_379
1pq4,1pq4A,A,2,1,255,47-232:32_1016|233-335:32_1016
1q5n,1q5nA,A,3,3,423,7-105:1_95|363-443:1_193|106-361:2_341
1qgu,1qguA,A,3,1,453,1-61_343-477:32_1016|62-204:32_1016|205-318:32_1016
1qh4,1qh4A,A,2,2,374,6-102:1_29|105-381:31_885
1qk1,1qk1A,A,2,2,377,1-98:1_29|101-379:31_885
1qya,1qyaB,B,2,1,307,-9-121_285-297:27_641|122-284:27_641
1r5j,1r5jA,A,2,1,319,2-143_300-329:32_1016|144-299:32_1016
1r6n,1r6nA,A,2,2,196,1-98:1_98|99-196:17_433
1re3,1re3B,B,2,2,294,165-356_447-458:40_1162|357-446:41_1278
1re5,1re5A,A,3,3,437,3-104:1_95|362-450:1_193|105-360:2_341
1re5,1re5D,D,3,3,447,3-104:1_95|362-450:1_193|105-360:2_341
1ro2,1ro2A,A,3,3,210,183-207:19_462|103-175_208-249:31_815|40-102_176-182:31_894
1s7j,1s7jA,A,2,1,260,1-116_249-260:27_641|117-248:27_641
1sdj,1sdjA,A,2,1,304,-10-121_285-299:27_641|122-284:27_641
1sg6,1sg6A,A,2,2,376,183-391:2_279|4-182:32_1016
1suj,1sujA,A,2,1,350,6-176:23_580|177-355:23_580
1szi,1sziA,A,2,2,194,246-414:2_287|206-245_415-431:31_894
1szq,1szqA,A,2,2,461,11-284_427-483:1_205|285-426:31_724
1szw,1szwA,A,2,2,329,167-302:31_824|3-166_303-341:31_825
1t3u,1t3uA,A,2,2,90,49-97:2_347|6-48:31_750
1t3u,1t3uB,B,2,2,91,49-96:2_347|4-48:31_750
1t8s,1t8sA,A,2,2,439,8-172:31_763|173-484:32_1016
1ta9,1ta9A,A,2,2,378,221-450:2_279|69-220:32_1016
1ta9,1ta9B,B,2,2,382,221-450:2_279|69-220:32_1016
1td9,1td9D,D,2,1,325,-1-141_296-323:32_1016|142-295:32_1016
1tj7,1tj7A,A,3,3,455,3-107:1_95|363-433:1_193|108-362_434-457:2_341
1tm0,1tm0A,A,2,1,301,2-143_311-332:27_641|144-310:27_641
1toa,1toaA,A,2,1,274,32-174:32_1016|177-307:32_1016
1tu5,1tu5A,A,3,2,632,292-717:24_615|57-164:27_655|165-291:27_655
1tue,1tueG,G,2,2,196,4-105:1_98|106-199:17_433
1u0k,1u0kA,A,2,1,281,2-118_270-284:27_641|119-269:27_641
1u6r,1u6rA,A,2,2,378,1-101:1_29|104-380:31_885
1ujn,1ujnA,A,2,2,329,162-338:2_279|1-161:32_1016
1uvj,1uvjA,A,4,3,522,1-30_102-276_333-397:999_999|37-91_518-606:1_230|277-332_398-517:31_891|607-664:43_1370
1v9m,1v9mA,A,3,2,312,5-77_282-323:1_26|78-178:2_334|186-281:2_334
1vdk,1vdkA,A,3,3,458,4-138:1_95|405-463:1_193|139-404:2_341
1vdk,1vdkB,B,3,3,457,4-138:1_95|405-463:1_193|139-404:2_341
1vgm,1vgmA,A,2,2,344,221-324:1_84|15-220_325-358:1_244
1vgp,1vgpA,A,2,2,341,217-320:1_84|13-216_321-353:1_244
1vky,1vkyB,B,2,2,283,64-142:21_505|4-63_174-335:32_982
1vlj,1vljA,A,2,2,387,185-395:2_279|9-184:32_1016
1vmi,1vmiA,A,2,1,321,-6-139_297-323:32_1016|140-296:32_1016
1vra,1vraB,B,2,2,209,282-409:27_631|197-281:31_823
1vrp,1vrpB,B,2,2,372,8-102:1_29|105-381:31_885
1vsg,1vsgA,A,2,2,362,34-85_256-362:1_226|1-33_86-255:40_1123
1vz6,1vz6A,A,2,2,365,261-379:27_631|8-260:35_1069
1w27,1w27A,A,3,3,689,529-650:1_94|25-262:1_95|263-528_651-716:2_341
1w3w,1w3wA,A,4,1,306,20-92:1_82|93-166:1_82|167-253:1_82|254-325:1_82
1w4t,1w4tA,A,2,2,278,89-187:21_508|0-88_188-277:31_804
1w5r,1w5rA,A,2,2,273,86-185:21_508|3-85_186-275:31_804
1w7c,1w7cA,A,3,2,736,43-57_290-779:24_615|58-174:27_655|175-289:27_655
1wac,1wacA,A,4,3,520,1-30_102-276_333-397:999_999|37-91_518-606:1_230|277-332_398-517:31_891|607-662:43_1370
1wdi,1wdiA,A,2,2,294,67-155:21_505|2-66_181-345:32_982
1wzo,1wzoA,A,2,2,236,1-40:20_490|41-246:40_1222
1wzo,1wzoB,B,2,2,238,1-40:20_490|41-246:40_1222
1xah,1xahA,A,2,2,323,167-352:2_279|1-166:32_1016
1xai,1xaiA,A,2,2,352,167-352:2_279|1-166:32_1016
1xqb,1xqbA,A,2,2,183,2-14_34-151:21_525|15-33_159-231:31_821
1xub,1xubA,A,2,1,278,1-119_268-278:27_641|120-267:27_641
1y2m,1y2mA,A,3,3,652,546-648:1_94|26-271:1_95|272-545_649-715:2_341
1y2m,1y2mC,C,3,3,651,546-648:1_94|26-271:1_95|272-545_649-716:2_341
1y2m,1y2mD,D,3,3,648,546-648:1_94|26-271:1_95|272-545_649-716:2_341
1ycn,1ycnA,A,4,1,290,13-82:1_82|83-154:1_82|165-241:1_82|242-317:1_82
1ye9,1ye9A,A,3,3,215,206-262:1_1|126-205_263-294:21_546|80-125:42_1313
1yfm,1yfmA,A,3,3,447,29-163:1_95|433-484:1_193|164-432:2_341
1yii,1yiiA,A,4,1,304,14-86:1_82|87-160:1_82|161-246:1_82|247-317:1_82
1yis,1yisA,A,2,2,411,2-104:1_95|105-468:2_341
1ym5,1ym5A,A,2,1,294,2-125_284-295:27_641|126-283:27_641
1yu0,1yu0A,A,3,3,376,5-55:6_383|56-193_373-380:25_617|194-372:40_1129
1yu2,1yu2A,A,3,3,377,5-55:6_383|56-193_373-381:25_617|194-372:40_1129
1yy3,1yy3A,A,2,2,305,64-162:21_505|14-63_175-341:32_982
1z1n,1z1nX,X,4,1,496,11-109:40_1078|117-235:40_1078|249-333_371-402:40_1078|334-370_403-530:40_1078
1z2z,1z2zA,A,3,3,411,178-266:1_43|9-32_130-175_267-435:31_825|40-129:31_891
1z3u,1z3uA,A,2,2,216,280-410_486-495:40_1162|411-485:41_1278
1zhx,1zhxA,A,4,4,436,30-116:1_98|117-307:21_512|308-434:31_891|-1-29:42_1326
2ab5,2ab5A,A,2,1,249,257-383:27_637|384-517:27_637
2ab5,2ab5B,B,2,1,246,256-383:27_637|384-517:27_637
2ae0,2ae0X,X,2,2,318,105-242:21_519|20-104_243-337:21_538
2af4,2af4C,C,2,1,331,2-140_302-333:32_1016|141-301:32_1016
2aua,2auaA,A,2,2,195,31-99_150-171:1_177|-11-30_100-149_172-195:30_690
2azp,2azpA,A,2,1,318,-2-133_291-1002:27_641|134-290:27_641
2b5u,2b5uA,A,3,2,420,87-292:999_999|293-453:1_98|454-551:27_647
2bh0,2bh0A,A,2,2,194,2-108:21_538|109-202:23_580
2c10,2c10A,A,3,2,647,322-728:24_615|41-165:27_655|166-297:27_655
2c4i,2c4iA,A,2,1,242,5-135:21_508|140-273:21_508
2cvc,2cvcA,A,4,1,480,40-141:40_1078|149-257:40_1078|271-345_381-419:40_1078|346-380_420-545:40_1078
2cw8,2cw8A,A,4,4,528,128-273:1_1|443-495:1_263|1-127_496-537:17_428|274-442:27_637
2cxa,2cxaA,A,2,2,221,2-61:31_891|62-232:32_1023
2czr,2czrA,A,2,2,226,-8-98:32_939|99-218:40_1215
2d3a,2d3aA,A,2,2,353,3-103:27_631|104-355:31_885
2dch,2dchX,X,2,1,204,-10-85:27_637|86-196:27_637
2dfu,2dfuA,A,2,2,251,1-44:20_490|45-264:40_1222
2dyi,2dyiA,A,2,2,155,85-155:20_490|1-84:21_525
2e1m,2e1mC,C,2,2,118,624-673:1_1|532-599:31_891
2e84,2e84A,A,4,1,502,32-151:40_1078|152-263:40_1078|275-431:40_1078|432-555:40_1078
2e9f,2e9fB,B,3,3,450,13-108:1_95|366-436:1_193|109-365_437-462:2_341
2etv,2etvA,A,2,1,318,-6-161:32_1016|162-358:32_1016
2f1l,2f1lA,A,2,2,162,101-175:20_490|7-95:21_525
2fau,2fauA,A,2,1,286,6-156:23_580|157-299:23_580
2g5d,2g5dA,A,3,3,381,143-166_229-337:21_519|40-142_344-441:21_538|167-228:21_549
2g6g,2g6gA,A,2,2,397,143-337:21_519|32-142_343-441:21_538
2gk9,2gk9B,B,2,2,250,45-205:31_899|206-417:31_900
2gke,2gkeA,A,2,1,264,1-114_262-274:27_641|115-139_150-261:27_641
2gru,2gruA,A,2,2,367,172-368:2_279|2-171:32_1016
2gu3,2gu3A,A,2,1,128,34-98:27_655|99-161:27_655
2guw,2guwB,B,2,2,418,8-152:31_763|172-468:32_1016
2guw,2guwC,C,2,2,394,8-150:31_763|174-467:32_1016
2h0l,2h0lA,A,4,1,303,12-84:1_82|85-158:1_82|159-244:1_82|245-316:1_82
2h12,2h12A,A,3,3,392,275-384:1_84|58-274_385-410:1_244|11-57:19_463
2h12,2h12B,B,3,3,400,275-384:1_84|58-274_385-410:1_244|11-57:19_463
2h9f,2h9fA,A,2,1,381,2-181_375-395:27_641|182-374:27_641
2hb0,2hb0A,A,2,1,356,23-199:23_580|200-378:23_580
2hcz,2hczX,X,2,2,241,4-141:21_538|142-245:23_580
2hfz,2hfzA,A,4,2,337,396-449_458-491:1_91|274-316_350-363_450-457_576-599:31_891|317-349_715-899:999_999|364-395_492-575_600-714:999_999
2hiy,2hiyA,A,2,1,177,0-88:31_891|89-180:31_891
2hiy,2hiyB,B,2,1,177,0-88:31_891|89-179:31_891
2hp0,2hp0A,A,2,2,431,0-267_399-446:1_205|268-398:31_724
2hyv,2hyvA,A,4,1,308,31-103:1_82|104-183:1_82|184-264:1_82|265-338:1_82
2hzm,2hzmA,A,2,2,205,36-124:19_452|2-35_125-210:31_843
2hzm,2hzmG,G,2,2,196,36-124:19_452|2-35_125-210:31_843
2ibp,2ibpA,A,2,2,358,251-356:1_84|32-250_357-389:1_244
2ie7,2ie7A,A,4,1,305,12-84:1_82|85-158:1_82|159-244:1_82|245-316:1_82
2ifc,2ifcA,A,2,2,348,224-327:1_84|16-223_328-363:1_244
2ii2,2ii2A,A,4,1,304,2-70:1_82|71-128:1_82|129-226:1_82|227-305:1_82
2ijr,2ijrA,A,2,2,268,30-208:1_150|1-29_209-276:31_891
2im9,2im9A,A,3,3,299,199-234:1_98|49-158_342-352:1_164|159-198_235-341:20_484
2j1g,2j1gE,E,2,2,218,71-206_280-288:40_1162|207-279:41_1278
2j1q,2j1qA,A,2,2,337,1-95:1_29|98-355:31_885
2j58,2j58A,A,4,3,307,345-376:2_347|46-64_255-344:27_663|68-84_175-252:27_663|89-169:31_783
2j5z,2j5zA,A,2,2,214,63-196_270-276:40_1162|197-269:41_1278
2j7u,2j7uA,A,4,2,297,393-446_470-488:1_91|273-310_347-360_447-450_573-595:31_891|317-346_710-883:999_999|361-392_489-572_596-709:999_999
2j91,2j91C,C,3,3,446,15-108:1_95|109-394_436-472:2_341|395-435:42_1326
2jex,2jexA,A,2,2,197,3-98:1_98|99-199:17_433
2jks,2jksA,A,2,1,284,4-164:23_580|165-315:23_580
2nnu,2nnuA,A,2,2,201,0-101:1_98|102-200:17_433
2ntx,2ntxA,A,2,1,300,4-203_322-362:2_349|205-321:2_349
2ntx,2ntxB,B,2,1,273,3-203_322-356:2_349|205-321:2_349
2nyf,2nyfA,A,3,2,683,24-225:1_95|491-499:999_999|226-492_502-566:2_341
2nyk,2nykA,A,2,2,235,174-267:23_580|9-173:31_874
2nyn,2nynA,A,2,2,511,25-225:1_95|226-563:2_341
2o1e,2o1eA,A,2,1,260,16-183:32_1016|184-297:32_1016
2o1e,2o1eB,B,2,1,258,16-183:32_1016|184-296:32_1016
2o5n,2o5nA,A,2,2,255,2-10_178-277:23_580|21-177:31_874
2o5n,2o5nB,B,2,2,258,5-10_178-278:23_580|21-177:31_874
2o6y,2o6yA,A,2,2,514,7-204:1_95|205-523:2_341
2ogw,2ogwA,A,2,1,254,27-196:32_1016|197-308:32_1016
2ojw,2ojwC,C,2,2,364,-1-110:27_631|111-365:31_885
2ojw,2ojwE,E,2,2,354,5-110:27_631|111-364:31_885
2oo4,2oo4A,A,2,2,226,1425-1539:31_841|1540-1672:31_891
2otn,2otnA,A,2,1,293,-5-125_275-287:27_641|126-274:27_641
2otn,2otnB,B,2,1,288,-7-125_275-287:27_641|126-274:27_641
2oyh,2oyhE,E,3,3,295,165-201:2_347|202-349_449-459:40_1162|350-448:41_1278
2p1g,2p1gA,A,2,2,229,26-122_137-170:1_164|123-136_171-256:20_484
2p2w,2p2wA,A,2,2,325,213-310:1_84|12-212_311-343:1_244
2pfm,2pfmA,A,3,3,434,2-94:1_95|351-435:1_193|95-350:2_341
2pnw,2pnwA,A,2,2,354,102-262:21_519|5-101_270-369:21_538
2prs,2prsA,A,2,1,263,27-196:32_1016|197-310:32_1016
2ptr,2ptrA,A,3,3,454,1-117:1_95|382-445:1_193|118-381_446-459:2_341
2ptr,2ptrB,B,3,3,456,1-117:1_95|382-445:1_193|118-381_446-459:2_341
2pw0,2pw0B,B,2,1,338,9-187_376-397:27_641|194-375:27_641
2q18,2q18X,X,2,2,282,1-70:27_643|71-291:40_1222
2q8p,2q8pA,A,2,1,249,32-117:32_1016|118-289:32_1016
2qga,2qgaB,B,3,3,454,1-114:1_95|380-445:1_193|115-379_446-461:2_341
2qga,2qgaC,C,3,3,455,1-114:1_95|380-445:1_193|115-379_446-460:2_341
2qgg,2qggA,A,2,2,172,99-181:20_490|6-98:21_525
2qgu,2qguA,A,2,2,178,74-116_173-207:1_1|29-73_117-172:27_655
2qoj,2qojZ,Z,2,1,252,1-119:27_637|120-254:27_637
2qve,2qveA,A,2,2,525,12-206:1_95|207-539:2_341
2qyu,2qyuA,A,4,4,620,590-782:1_208|320-514:3_375|163-319:16_420|515-589:32_989
2qza,2qzaB,B,4,4,600,590-782:1_208|335-514:3_375|165-334:16_420|515-589:32_989
2r18,2r18A,A,2,2,129,92-161:1_41|162-220:1_263
2r51,2r51A,A,2,1,283,9-154:23_580|155-296:23_580
2r79,2r79A,A,2,1,275,26-147:32_1016|148-304:32_1016
2r7a,2r7aB,B,2,1,256,22-143:32_1016|144-277:32_1016
2riq,2riqA,A,2,2,126,225-290:1_73|291-350:19_462
2uu7,2uu7A,A,2,2,370,3-110:27_631|111-372:31_885
2vs7,2vs7A,A,2,1,176,4-101:27_637|105-182:27_637
2vs7,2vs7D,D,2,1,191,5-101:27_637|102-195:27_637
2vsg,2vsgA,A,2,2,358,31-83_252-358:1_226|1-30_84-251:40_1123
2w2g,2w2gA,A,2,1,257,389-524:32_994|525-652:32_994
2w2g,2w2gB,B,2,1,256,393-519:32_994|524-652:32_994
2w3q,2w3qA,A,2,2,216,62-230:32_919|7-58:42_1317
2w82,2w82A,A,3,3,163,104-165:1_1|62-103:1_263|3-61:27_631
2w8h,2w8hA,A,3,2,302,43-65_255-345:27_663|66-87_170-254:27_663|88-169:31_783
2wi8,2wi8A,A,2,1,283,17-142:32_1016|143-299:32_1016
2wjn,2wjnC,C,2,1,294,24-142_314-332:1_225|143-205_221-313:1_225
2wnk,2wnkA,A,2,1,223,4-132:23_580|133-238:23_580
2wnp,2wnpF,F,2,2,217,81-215_289-297:40_1162|216-288:41_1278
2wzf,2wzfA,A,3,2,332,9-112:1_62|113-321_446-523:999_999|322-445:2_287
2x1d,2x1dA,A,2,2,353,22-95:1_1|1-21_96-355:35_1068
2x4l,2x4lA,A,2,1,288,52-190:32_1016|197-345:32_1016
2x75,2x75A,A,3,3,427,2-92:1_95|349-431:1_193|93-348:2_341
2xdq,2xdqA,A,3,1,425,6-21_311-459:32_1016|22-157:32_1016|158-310:32_1016
2xdq,2xdqB,B,4,2,415,248-300_410-440:2_360|11-157:32_1016|158-247:32_1016|301-394:32_1016
2xhe,2xheA,A,4,3,565,359-476:3_375|0-127:32_1016|130-237_477-617:32_1016|238-358:40_1220
2xli,2xliA,A,2,2,167,-1-105_139-187:31_891|109-119:42_1326
2xlj,2xljA,A,2,2,178,107-130:1_263|0-106_139-187:31_891
2xo3,2xo3A,A,4,1,299,14-86:1_82|87-160:1_82|161-246:1_82|247-319:1_82
2xy4,2xy4A,A,2,1,267,27-200:32_1016|201-314:32_1016
2y73,2y73B,B,3,2,660,322-741:24_615|57-165:27_655|166-297:27_655
2yay,2yayA,A,2,2,257,36-170:2_332|8-35_171-264:2_333
2ybx,2ybxA,A,2,2,321,28-198:31_899|199-405:31_900
2ybx,2ybxB,B,2,2,311,29-198:31_899|199-405:31_900
2yfa,2yfaA,A,2,1,236,47-133_250-282:2_312|134-249:2_312
2ygl,2yglA,A,2,1,351,62-232:23_557|233-412:23_557
2ynm,2ynmC,C,3,1,417,-5-16_279-411:32_1016|17-155:32_1016|156-278:32_1016
2ynm,2ynmD,D,4,2,488,479-528:1_263|1-147:32_1016|148-270:32_1016|275-451:32_1016
2z1d,2z1dB,B,3,2,360,5-62_180-264:32_1016|70-179_265-319:32_1016|320-372:42_1321
2z51,2z51A,A,2,1,154,1-82:31_841|83-154:31_841
2zhj,2zhjA,A,4,1,304,13-85:1_82|86-159:1_82|160-245:1_82|246-316:1_82
2zoc,2zocA,A,4,1,305,13-85:1_82|86-159:1_82|160-245:1_82|246-317:1_82
2ztb,2ztbA,A,3,2,245,116-133_154-206_225-238_275-288:23_580|134-153_207-224_289-298:23_580|54-115_239-274:27_639
3aek,3aekA,A,3,1,415,7-25_288-421:32_1016|26-164:32_1016|165-287:32_1016
3aek,3aekB,B,4,2,393,238-280_390-418:2_360|11-147:32_1016|148-237:32_1016|281-374:32_1016
3akj,3akjA,A,2,2,275,95-295:1_10|2-94:31_789
3aqo,3aqoA,A,2,2,221,110-250:31_727|42-109_251-262:31_891
3axj,3axjA,A,2,1,222,-3-133:2_349|134-221:2_349
3axj,3axjB,B,2,1,235,23-197:2_349|198-282:2_349
3b6r,3b6rA,A,2,2,373,6-102:1_29|105-380:31_885
3be6,3be6A,A,2,1,289,19-134:32_1016|135-312:32_1016
3bfj,3bfjA,A,2,2,382,189-387:2_279|4-188:32_1016
3bh7,3bh7B,B,2,2,314,37-229:16_420|230-350:31_891
3bhg,3bhgA,A,3,3,437,3-117:1_95|382-445:1_193|118-381_446-456:2_341
3bqw,3bqwA,A,2,2,347,5-163_290-340:29_680|164-289_341-351:31_781
3c0w,3c0wA,A,2,1,223,3-122:27_637|123-225:27_637
3c19,3c19A,A,2,2,177,99-176:27_631|0-98:31_891
3c8t,3c8tA,A,3,3,422,19-115:1_95|373-456:1_193|116-371:2_341
3ce9,3ce9A,A,2,2,343,160-353:2_279|5-159:32_1016
3ci0,3ci0J,J,2,2,146,143-192:6_404|39-142:27_668
3clh,3clhA,A,2,2,308,163-343:2_279|4-162:32_1016
3cx3,3cx3A,A,2,1,259,34-202:32_1016|203-310:32_1016
3cx3,3cx3B,B,2,1,255,36-202:32_1016|203-311:32_1016
3czb,3czbA,A,2,2,325,139-299:21_519|58-138_300-395:21_538
3d30,3d30A,A,2,2,202,1-108:21_538|109-202:23_580
3d9w,3d9wA,A,2,2,284,98-199:21_508|4-97_200-287:31_804
3e0j,3e0jA,A,2,2,404,55-181:21_549|-3-54_194-465:35_1066
3e0j,3e0jC,C,2,2,397,55-181:21_549|-3-54_194-458:35_1066
3edn,3ednA,A,2,1,289,2-124_289-299:27_641|125-288:27_641
3eeq,3eeqA,A,3,3,297,214-281_300-335:31_858|137-213:32_943|8-127:32_1016
3eeq,3eeqB,B,3,3,294,214-282_300-337:31_858|137-213:32_943|8-127:32_1016
3eix,3eixA,A,2,1,287,36-143:32_1016|144-325:32_1016
3ejb,3ejbB,B,2,2,341,68-281_345-394:1_252|9-58_282-314:31_861
3ejb,3ejbH,H,2,2,348,68-281_345-393:1_252|6-58_282-314:31_861
3ejx,3ejxD,D,2,1,301,11-145_302-311:27_641|146-301:27_641
3epn,3epnB,B,3,2,647,7-17_212-511:30_694|18-211:999_999|512-546:42_1326
3epo,3epoA,A,3,2,651,5-17_212-511:30_694|18-211:999_999|512-546:42_1326
3eto,3etoA,A,2,2,232,1449-1567:31_841|1568-1727:31_891
3f85,3f85A,A,3,1,456,1-152:23_580|153-303:23_580|304-456:23_580
3fky,3fkyC,C,2,2,342,21-107:27_631|108-366:31_885
3fve,3fveA,A,2,1,283,0-133_270-289:27_641|134-269:27_641
3g7k,3g7kB,B,2,1,387,2-174_356-388:27_641|175-355:27_641
3gd0,3gd0A,A,2,2,362,37-239_355-401:23_556|240-354:31_908
3gfv,3gfvA,A,2,1,282,14-166_270-299:32_1016|167-269:32_1016
3ghg,3ghgB,B,2,2,401,58-196:2_347|197-458:40_1162
3ghg,3ghgC,C,3,3,378,14-143:2_347|144-286_381-391:40_1162|287-380:41_1278
3gi1,3gi1B,B,2,1,254,32-197:32_1016|198-306:32_1016
3gtd,3gtdA,A,3,3,451,5-138:1_95|408-455:1_193|139-407:2_341
3gzh,3gzhA,A,3,3,469,-12-117:1_95|382-445:1_193|118-381_446-456:2_341
3h20,3h20A,A,4,3,324,217-307:1_21|5-70:31_740|178-207:999_999|71-177:31_891
3h9n,3h9nA,A,2,2,174,97-184:20_490|8-96:21_525
3hh8,3hh8A,A,2,1,280,30-178:32_1016|179-309:32_1016
3hi7,3hi7A,A,3,2,654,309-720:24_615|27-137:27_655|138-279:27_655
3hi7,3hi7B,B,3,2,649,309-720:24_615|28-137:27_655|138-279:27_655
3hl0,3hl0A,A,2,2,340,161-351:2_279|2-160:32_1016
3hl6,3hl6A,A,2,2,189,76-214:2_349|2-75:31_721
3hrg,3hrgA,A,2,1,248,0-142:31_858|143-256:31_858
3hwk,3hwkA,A,2,2,338,244-342:1_84|38-243_343-375:1_244
3iee,3ieeA,A,2,2,246,31-182:2_287|183-285:2_349
3if8,3if8A,A,3,2,182,-4-174:999_999|175-252:19_462|264-309:42_1317
3it4,3it4B,B,2,2,202,279-401:27_631|200-278:31_823
3it4,3it4D,D,2,2,198,279-401:27_631|200-278:31_823
3iv7,3iv7A,A,2,2,349,163-358:2_279|3-162:32_1016
3jpz,3jpzA,A,2,2,362,3-89:1_29|92-366:31_885
3jsz,3jszA,A,3,2,334,6-112:1_62|113-321_446-525:999_999|322-445:2_287
3ju5,3ju5A,A,2,2,348,2-93:1_29|96-370:31_885
3ju5,3ju5C,C,2,2,352,2-93:1_29|96-370:31_885
3jzd,3jzdA,A,2,2,347,164-357:2_279|4-163:32_1016
3k0y,3k0yA,A,2,2,195,34-107:21_549|108-253:23_580
3k6o,3k6oA,A,2,2,204,34-106:21_549|107-244:23_580
3kdr,3kdrA,A,3,3,277,46-73_167-193_245-301:2_294|194-243:31_709|74-166_303-336:32_944
3l2d,3l2dB,B,2,2,377,12-113:1_29|116-390:31_885
3l2e,3l2eA,A,2,2,371,18-113:1_29|116-390:31_885
3lhs,3lhsA,A,2,1,291,36-143:32_1016|144-326:32_1016
3loy,3loyA,A,3,2,627,222-634:24_615|2-102:27_655|108-221:27_655
3m1m,3m1mA,A,3,3,321,261-370:1_21|103-261:31_815|40-102:31_894
3m7g,3m7gA,A,3,2,221,11-74_239-269:1_263|3-10_75-129:32_929|130-238:999_999
3md9,3md9A,A,2,1,253,26-146:32_1016|147-278:32_1016
3mfq,3mfqA,A,2,1,276,32-172:32_1016|175-309:32_1016
3msu,3msuA,A,3,3,407,269-378:1_84|56-268_379-416:1_244|-1-55:19_463
3msu,3msuB,B,3,3,418,269-378:1_84|56-268_379-416:1_244|-1-55:19_463
3mwf,3mwfA,A,2,1,292,37-142:32_1016|143-328:32_1016
3mxa,3mxaA,A,2,1,301,2-152:27_637|196-345:27_637
3n6x,3n6xA,A,3,2,247,346-406:31_740|6-210_310-345_407-472:999_999|211-309:32_1016
3nb2,3nb2A,A,4,4,612,606-782:1_208|348-502:3_375|171-347:16_420|503-605:32_989
3ng0,3ng0A,A,2,2,452,4-106:27_631|107-461:31_885
3nqi,3nqiA,A,2,2,230,30-100:21_549|101-267:23_580
3nqz,3nqzA,A,2,1,175,25-120:27_655|121-204:27_655
3o8j,3o8jA,A,2,2,346,237-335:1_84|26-236_336-371:1_244
3oce,3oceA,A,3,3,459,3-138:1_95|407-461:1_193|139-406:2_341
3ocf,3ocfA,A,3,3,443,3-138:1_95|407-456:1_193|139-406:2_341
3ocf,3ocfB,B,3,3,430,1-138:1_95|406-440:1_193|139-405:2_341
3ocf,3ocfD,D,3,3,430,0-138:1_95|406-440:1_193|139-405:2_341
3okf,3okfA,A,2,2,360,177-366:2_279|5-176:32_1016
3oue,3oueA,A,2,1,158,161-242:40_1078|243-318:40_1078
3ouq,3ouqA,A,2,1,159,3-83:40_1078|84-161:40_1078
3ox4,3ox4A,A,2,2,382,185-383:2_279|2-184:32_1016
3p2d,3p2dA,A,2,1,344,6-177:23_580|181-386:23_580
3p42,3p42A,A,3,3,231,23-67_113-146_246-256:27_631|147-220:27_663|68-112_221-245:42_1326
3pdi,3pdiA,A,2,1,427,24-177:32_1016|178-450:32_1016
3pdi,3pdiB,B,3,1,391,19-163:32_1016|164-286:32_1016|313-435:32_1016
3pgb,3pgbA,A,3,2,739,69-84_319-811:24_615|85-202:27_655|203-318:27_655
3pja,3pjaJ,J,2,1,219,32-186:2_349|187-274:2_349
3pqh,3pqhA,A,2,2,85,138-197:19_460|198-222:19_465
3psh,3pshA,A,2,1,326,22-186:32_1016|187-347:32_1016
3pty,3ptyA,A,2,2,284,760-967:23_557|735-759_968-1067:32_990
3qb5,3qb5K,K,2,1,222,31-186:2_349|187-272:2_349
3qbe,3qbeA,A,2,2,352,175-361:2_279|6-174:32_1016
3qbp,3qbpA,A,3,3,437,26-142:1_95|413-468:1_193|143-412:2_341
3qbp,3qbpB,B,3,3,443,26-142:1_95|413-468:1_193|143-412:2_341
3qdf,3qdfA,A,2,2,252,0-57:20_490|58-264:40_1222
3qqy,3qqyA,A,2,1,292,2-147:27_637|155-303:27_637
3qwn,3qwnA,A,2,2,203,28-99:21_549|100-233:23_580
3r5t,3r5tA,A,2,1,296,31-144:32_1016|145-326:32_1016
3r6o,3r6oA,A,2,2,265,1-78:20_490|79-302:40_1222
3r6q,3r6qA,A,3,3,454,6-139:1_95|408-459:1_193|140-407:2_341
3r7p,3r7pA,A,2,1,285,15-152:27_637|160-315:27_637
3rd8,3rd8A,A,3,3,451,9-135:1_95|406-461:1_193|136-405:2_341
3rf7,3rf7A,A,2,2,346,185-356:2_279|-5-184:32_1016
3rga,3rgaA,A,2,1,281,0-132:27_655|133-280:27_655
3rh3,3rh3A,A,2,2,225,34-183:2_287|184-286:2_349
3rh3,3rh3B,B,2,2,223,34-183:2_287|184-286:2_349
3rr6,3rr6A,A,2,2,252,1-57:20_490|58-259:40_1222
3rrk,3rrkA,A,3,2,301,41-127_202-269:2_314|1-40_270-301:31_891|128-201:31_891
3rrp,3rrpA,A,3,3,455,8-136:1_95|407-462:1_193|137-406:2_341
3rwx,3rwxA,A,2,1,227,30-149:21_508|150-281:21_508
3sxx,3sxxA,A,3,2,652,232-670:24_615|15-117:27_655|122-231:27_655
3sxx,3sxxC,C,3,2,651,232-670:24_615|16-117:27_655|122-231:27_655
3tef,3tefA,A,2,1,279,51-200_305-329:32_1016|201-304:32_1016
3tlk,3tlkA,A,2,1,296,27-145:32_1016|146-322:32_1016
3tny,3tnyA,A,2,1,280,2-108:32_1016|109-281:32_1016
3tqg,3tqgB,B,2,2,334,220-318:1_84|11-219_319-354:1_244
3tv2,3tv2A,A,3,3,457,145-278:1_95|548-601:1_193|279-547:2_341
3tw8,3tw8A,A,3,3,343,2-144:31_864|161-324:32_1016|334-374:42_1317
3u7q,3u7qA,A,3,1,452,4-62_345-479:32_1016|63-205:32_1016|206-320:32_1016
3u7q,3u7qB,B,4,2,440,321-364_485-523:2_360|70-215:32_1016|216-320:32_1016|365-470:32_1016
3ugu,3uguA,A,2,1,342,10-181:23_580|185-360:23_580
3uhj,3uhjC,C,2,2,352,182-386:2_279|25-181:32_1016
3uhj,3uhjF,F,2,2,348,182-386:2_279|25-181:32_1016
3ujp,3ujpA,A,2,1,268,55-207:32_1016|208-322:32_1016
3ujp,3ujpB,B,2,1,263,55-207:32_1016|208-322:32_1016
3unv,3unvA,A,2,2,513,26-221:1_95|222-541:2_341
3uvf,3uvfA,A,2,1,255,2-121:27_637|122-256:27_637
3ux3,3ux3A,A,2,2,130,-3-124:31_841|125-157:42_1326
3vld,3vldA,A,2,2,449,9-312:3_373|313-465:3_375
3w5s,3w5sA,A,2,2,350,161-350:2_279|1-160:32_1016
3wa2,3wa2X,X,3,2,612,204-627:24_615|9-95:27_655|102-203:27_655
3x01,3x01A,A,2,2,314,32-203:31_899|204-415:31_900
3x01,3x01B,B,2,2,297,32-203:31_899|204-415:31_900
3zc4,3zc4A,A,2,2,156,6-63_131-162:2_287|64-130:20_490
3zc4,3zc4F,F,2,2,154,6-63_131-162:2_287|64-130:20_490
3zdr,3zdrA,A,2,2,402,652-869:2_279|459-651:32_1016
3zk9,3zk9A,A,2,1,278,32-178:32_1016|179-309:32_1016
3zok,3zokA,A,2,2,365,187-377:2_279|13-186:32_1016
4a8s,4a8sC,C,4,3,504,1-30_102-276_333-397:999_999|37-91_518-606:1_230|277-332_398-517:31_891|612-664:43_1370
4acf,4acfA,A,2,2,462,5-107:27_631|108-466:31_885
4adm,4admA,A,3,3,444,11-137:1_95|408-463:1_193|138-407:2_341
4adm,4admC,C,3,3,453,11-137:1_95|408-463:1_193|138-407:2_341
4am1,4am1A,A,2,2,343,1-95:1_29|98-356:31_885
4ar9,4ar9A,A,3,3,392,481-622:1_184|623-730:31_912|339-480:32_999
4arf,4arfA,A,3,3,380,471-612:1_184|613-721:31_912|342-470:32_999
4bax,4baxA,A,2,2,344,6-95:27_631|96-349:31_885
4bgf,4bgfA,A,2,2,270,86-185:21_508|3-85_186-272:31_804
4bgf,4bgfF,F,2,2,271,86-185:21_508|3-85_186-274:31_804
4bkw,4bkwA,A,3,2,326,895-934_937-1119_1165-1199:999_999|1120-1164_1200-1272:31_727|1273-1424:31_874
4bqn,4bqnA,A,2,2,312,105-153_235-312:1_1|1-104_154-234:32_1016
4bx8,4bx8A,A,4,3,568,368-459:3_375|2-143:32_1016|144-242_460-597:32_1016|243-367:40_1220
4bx8,4bx8B,B,4,3,570,368-459:3_375|2-143:32_1016|144-242_460-596:32_1016|243-367:40_1220
4by6,4by6A,A,2,1,505,1568-1847:3_375|1848-2077:3_375
4by6,4by6D,D,2,1,502,1568-1847:3_375|1848-2077:3_375
4c1b,4c1bA,A,2,1,171,132-199:32_1016|200-302:32_1016
4c5p,4c5pA,A,2,2,271,86-185:21_508|4-85_186-275:31_804
4c5s,4c5sA,A,3,3,638,500-604:1_94|9-232:1_95|233-499_618-677:2_341
4c5s,4c5sC,C,3,3,641,500-605:1_94|9-232:1_95|233-499_618-677:2_341
4cca,4ccaA,A,4,3,540,359-476:3_375|5-132:32_1016|135-245_477-593:32_1016|246-358:40_1220
4cl2,4cl2A,A,2,1,262,5-159:32_1016|160-274:32_1016
4dbf,4dbfA,A,2,2,258,0-57:20_490|58-268:40_1222
4dbh,4dbhA,A,2,2,269,0-57:20_490|58-268:40_1222
4dk2,4dk2A,A,2,2,260,36-199:2_332|8-35_200-286:2_333
4dun,4dunA,A,2,1,259,0-114_247-258:27_641|115-246:27_641
4e4r,4e4rA,A,2,1,325,-2-141_300-327:32_1016|142-299:32_1016
4e6y,4e6yA,A,3,3,397,266-376:1_84|51-265_377-414:1_244|3-50:19_463
4eei,4eeiA,A,3,3,414,1-92:1_95|349-433:1_193|93-348:2_341
4efc,4efcA,A,3,3,452,12-132:1_95|397-462:1_193|133-396_463-468:2_341
4efj,4efjA,A,2,1,284,6-145:27_637|153-296:27_637
4epu,4epuA,A,2,2,215,283-412_488-497:40_1162|413-487:41_1278
4evf,4evfA,A,4,1,294,2-72:1_82|73-146:1_82|147-226:1_82|227-295:1_82
4exr,4exrA,A,2,1,148,53-133:27_655|134-204:27_655
4g07,4g07A,A,3,2,400,106-120_393-432:2_347|4-22_236-365_371-379:32_1016|29-102_121-230_383-389:32_1016
4g09,4g09A,A,3,2,405,106-120_393-432:2_347|4-22_236-365_371-379:32_1016|28-102_121-230_383-389:32_1016
4g59,4g59C,C,2,2,261,1-13_175-264:23_580|17-174:31_874
4g7n,4g7nA,A,2,1,218,379-499:31_709|500-596:31_709
4gic,4gicA,A,2,1,373,2-26_239-357:32_1016|27-238_374-400:32_1016
4guz,4guzA,A,2,2,284,89-191:21_508|-5-88_192-278:31_804
4h0f,4h0fA,A,2,1,264,32-197:32_1016|198-306:32_1016
4h40,4h40A,A,2,1,295,34-203:23_580|204-345:23_580
4h59,4h59A,A,2,1,303,36-174:32_1016|176-341:32_1016
4hgv,4hgvA,A,3,3,440,15-148:1_95|418-468:1_193|149-416:2_341
4hgv,4hgvD,D,3,3,438,15-148:1_95|418-468:1_193|149-416:2_341
4hhe,4hheA,A,3,1,297,1-84_259-283:32_1016|89-173_284-303:32_1016|174-258:32_1016
4hn9,4hn9A,A,3,2,296,183-209_311-351:2_349|53-182:32_1016|210-310:32_1016
4hpp,4hppA,A,2,2,426,1-101:27_631|102-443:31_885
4i8o,4i8oA,A,4,4,335,184-250:1_263|94-183:31_750|5-93:31_843|251-357:42_1326
4ily,4ilyA,A,2,2,236,54-78_174-289:2_306|79-173:31_851
4ino,4inoA,A,2,1,302,34-169:32_1016|170-335:32_1016
4is4,4is4A,A,2,2,339,1-103:27_631|104-356:31_885
4is4,4is4D,D,2,2,304,1-103:27_631|104-356:31_885
4j8q,4j8qA,A,2,2,191,26-101:21_549|102-227:23_580
4j9w,4j9wA,A,2,1,310,1-133_287-310:27_641|134-286:27_641
4jad,4jadA,A,3,3,412,267-375:1_84|50-266_376-412:1_244|1-49:19_463
4jbd,4jbdA,A,2,1,308,1-133_287-308:27_641|134-286:27_641
4jc8,4jc8A,A,4,3,583,381-478:3_375|5-140:32_1016|141-248_480-654:32_1016|249-380:40_1220
4jc8,4jc8B,B,4,3,582,381-478:3_375|5-140:32_1016|141-248_480-654:32_1016|249-380:40_1220
4jcc,4jccA,A,2,1,284,37-190_295-320:32_1016|191-294:32_1016
4jci,4jciA,A,2,1,312,-3-133_287-309:27_641|134-286:27_641
4jci,4jciB,B,2,1,308,1-133_287-308:27_641|134-286:27_641
4jcw,4jcwA,A,2,2,194,1-104:21_538|105-194:23_580
4jeh,4jehA,A,4,3,554,360-479:3_375|4-132:32_1016|135-245_480-592:32_1016|246-359:40_1220
4juu,4juuA,A,2,1,315,-2-133_289-312:27_641|134-288:27_641
4jzc,4jzcA,A,2,2,218,1-132_208-218:40_1162|133-207:41_1278
4k3v,4k3vA,A,2,1,253,14-171:32_1016|172-291:32_1016
4k7g,4k7gB,B,2,1,338,5-143_312-342:27_641|144-311:27_641
4k7x,4k7xA,A,2,1,314,-3-134_288-310:27_641|135-287:27_641
4k8l,4k8lA,A,2,1,305,0-143_311-332:27_641|144-310:27_641
4kc0,4kc0A,A,2,2,182,152-193:2_347|194-336:32_1016
4ksy,4ksyA,A,2,2,181,152-194:2_347|195-336:32_1016
4lb0,4lb0A,A,2,1,342,1-146_311-344:27_641|147-310:27_641
4ldu,4lduA,A,3,2,280,322-389:20_490|49-154_266-321:999_999|155-260:21_530
4ldv,4ldvA,A,3,2,275,287-356:20_490|16-120_233-286:999_999|121-226:21_530
4ljs,4ljsA,A,2,1,305,24-193:32_1016|195-339:32_1016
4ll1,4ll1C,C,2,1,280,8-147:23_580|154-299:23_580
4lni,4lniA,A,2,2,443,2-107:27_631|108-444:31_885
4loj,4lojA,A,2,2,180,155-193:2_347|194-334:32_1016
4lox,4loxA,A,2,1,293,3-147:27_637|155-302:27_637
4lq0,4lq0A,A,2,1,291,7-150:27_637|158-304:27_637
4lr4,4lr4A,A,2,1,339,35-51_90-248:23_557|52-88_249-394:23_557
4m7h,4m7hA,A,2,2,219,239-375_449-457:40_1162|376-448:41_1278
4m7o,4m7oA,A,2,1,254,37-161:32_1016|162-294:32_1016
4mca,4mcaA,A,2,2,367,160-367:2_279|1-159:32_1016
4mca,4mcaB,B,2,2,363,160-366:2_279|2-159:32_1016
4mdu,4mduA,A,4,1,327,35-107:1_82|108-189:1_82|190-289:1_82|290-361:1_82
4mdv,4mdvB,B,4,1,318,35-107:1_82|108-189:1_82|190-289:1_82|290-361:1_82
4mdy,4mdyA,A,2,1,283,33-168:32_1016|169-317:32_1016
4mlz,4mlzA,A,2,1,295,55-180:32_1016|181-353:32_1016
4mx2,4mx2A,A,3,3,424,24-143:1_95|408-473:1_193|144-407_474-476:2_341
4mx2,4mx2B,B,3,3,439,24-143:1_95|408-473:1_193|144-407_474-479:2_341
4mx2,4mx2D,D,3,3,439,24-143:1_95|408-473:1_193|144-407_474-479:2_341
4mx8,4mx8A,A,2,1,299,12-173_286-313:32_1016|174-285:32_1016
4n01,4n01A,A,2,1,287,38-154:32_1016|156-333:32_1016
4n7q,4n7qA,A,3,2,639,85-220:999_999|221-523:30_694|524-556:42_1326
4n9j,4n9jA,A,2,1,222,586-700:31_709|701-807:31_709
4nkb,4nkbA,A,2,1,203,351-464:31_709|465-562:31_709
4nkb,4nkbB,B,2,1,204,351-464:31_709|465-562:31_709
4nle,4nleA,A,3,3,464,23-110_185-232:1_95|365-440:1_193|4-22_111-184_233-364_441-471:2_341
4nno,4nnoA,A,2,1,278,32-179:32_1016|180-309:32_1016
4nsl,4nslA,A,3,3,446,1-117:1_95|382-445:1_193|118-381_446-456:2_341
4nsl,4nslB,B,3,3,447,1-117:1_95|382-445:1_193|118-381_446-456:2_341
4nv8,4nv8A,A,2,2,270,89-185:21_508|5-88_186-275:31_804
4nzr,4nzrM,M,3,3,391,162-345:16_420|346-468:31_707|78-161:31_728
4olt,4oltB,B,2,2,237,4-29_125-240:2_306|30-124:31_851
4oxr,4oxrA,A,2,1,278,29-176:32_1016|177-306:32_1016
4p2a,4p2aA,A,2,1,287,9-156:23_580|157-300:23_580
4p53,4p53A,A,2,2,360,202-398:2_279|26-201:32_1016
4pag,4pagA,A,3,2,318,155-182_287-340:2_349|18-153:32_1016|183-286:32_1016
4pfz,4pfzB,B,2,2,251,22-75:20_490|76-279:40_1222
4pm4,4pm4A,A,2,1,290,15-147:32_1016|148-304:32_1016
4pqx,4pqxA,A,2,2,198,33-105:21_549|106-242:23_580
4q2h,4q2hA,A,2,1,345,0-146_311-345:27_641|147-310:27_641
4q2r,4q2rA,A,2,2,363,6-102:1_29|105-380:31_885
4q68,4q68A,A,2,2,228,0-126_141-174:1_164|127-140_175-262:20_484
4qgs,4qgsA,A,2,2,373,184-387:2_279|9-183:32_1016
4qku,4qkuA,A,2,2,421,7-130:20_490|131-432:40_1222
4qku,4qkuC,C,2,2,420,7-130:20_490|131-432:40_1222
4qxo,4qxoA,A,2,2,182,154-194:2_347|195-335:32_1016
4rf6,4rf6A,A,4,2,696,0-102:1_29|369-454:1_29|103-368:31_885|455-714:31_885
4rf6,4rf6B,B,4,2,698,0-102:1_29|369-454:1_29|103-368:31_885|455-713:31_885
4rfl,4rflA,A,2,2,332,137-335:2_279|2-136:32_1016
4s17,4s17A,A,2,2,429,6-108:27_631|109-466:31_885
4s17,4s17C,C,2,2,423,6-108:27_631|109-466:31_885
4tvm,4tvmA,A,3,3,369,268-379:1_84|53-267_380-417:1_244|7-52:19_463
4v2q,4v2qB,B,3,3,620,500-618:1_94|9-233:1_95|234-499_619-676:2_341
4wes,4wesA,A,3,1,494,3-53_332-519:32_1016|54-196:32_1016|197-308:32_1016
4wes,4wesB,B,4,2,422,267-312_426-458:2_360|22-162:32_1016|163-266:32_1016|313-410:32_1016
4xgh,4xghA,A,3,3,376,271-381:1_84|55-270_382-419:1_244|5-54:19_463
4yhx,4yhxA,A,2,1,283,4-144:27_637|156-307:27_637
4yis,4yisA,A,2,1,286,5-143:27_637|153-299:27_637
4yis,4yisB,B,2,1,275,5-143:27_637|153-299:27_637
4z9m,4z9mB,B,2,2,288,42-135:1_29|148-394:31_885
4z9m,4z9mC,C,2,2,373,42-137:1_29|140-416:31_885
5ad1,5ad1A,A,2,1,290,21-180_283-310:32_1016|181-282:32_1016
5br4,5br4A,A,2,2,385,187-385:2_279|1-186:32_1016
5cfl,5cflA,A,2,2,187,191-230:2_347|231-377:32_1016
5cr9,5cr9A,A,2,1,287,40-159:32_1016|160-334:32_1016
5czx,5czxA,A,2,2,227,1387-1505:31_841|1506-1633:31_891
5eks,5eksA,A,2,2,355,172-360:2_279|0-171:32_1016
5eks,5eksB,B,2,2,354,172-360:2_279|-1-171:32_1016
5eyt,5eytA,A,3,3,456,9-102:1_95|103-390_432-470:2_341|391-431:42_1326
5eyv,5eyvA,A,3,3,452,9-102:1_95|103-386_432-470:2_341|387-431:42_1326
5eyv,5eyvB,B,2,2,420,4-102:1_95|103-390_436-479:2_341
5f0j,5f0jB,B,2,1,298,8-156:23_580|157-333:23_580
5f33,5f33A,A,3,1,271,-4-75_259-279:32_1016|82-167:32_1016|168-251:32_1016
5fb3,5fb3A,A,2,2,336,146-338:2_279|3-145:32_1016
5fb3,5fb3E,E,2,2,334,146-338:2_279|2-145:32_1016
5giz,5gizA,A,2,1,271,35-163:32_1016|164-305:32_1016
5grm,5grmA,A,2,2,188,148-194:2_347|195-335:32_1016
5grm,5grmB,B,2,2,190,152-194:2_347|195-341:32_1016
5h2g,5h2gB,B,2,1,280,1-129_265-280:27_641|130-264:27_641
5ha4,5ha4B,B,2,1,271,-1-116_264-280:27_641|117-141_153-263:27_641
5hgr,5hgrA,A,2,2,279,18-168:1_80|190-317:27_655
5hgr,5hgrB,B,2,2,277,18-166:1_80|190-317:27_655
5hvn,5hvnA,A,2,2,354,173-359:2_279|-2-172:32_1016
5hwa,5hwaA,A,2,2,258,148-258:2_306|1-147:31_851
5joq,5joqA,A,2,1,258,33-118:32_1016|119-290:32_1016
5jpd,5jpdA,A,2,1,275,31-179:32_1016|180-310:32_1016
5k87,5k87A,A,2,1,389,5-183_379-397:27_641|184-378:27_641
5k87,5k87B,B,2,1,387,5-183_379-397:27_641|184-378:27_641
5k8c,5k8cA,A,2,2,358,185-356:2_279|-1-184:32_1016
5koh,5kohA,A,3,1,459,6-78_361-496:32_1016|79-221:32_1016|222-336:32_1016
5koh,5kohB,B,4,2,429,316-359_473-511:2_360|69-212:32_1016|213-315:32_1016|360-458:32_1016
5koh,5kohC,C,3,1,458,6-78_361-496:32_1016|79-221:32_1016|222-336:32_1016
5ktn,5ktnA,A,3,1,273,-3-77_259-281:32_1016|84-170:32_1016|171-252:32_1016
5m29,5m29A,A,2,1,229,22-140:32_1016|141-266:32_1016
5m3b,5m3bB,B,2,1,230,21-140:32_1016|141-266:32_1016
5mbq,5mbqB,B,2,1,287,23-180_283-310:32_1016|181-282:32_1016
5mux,5muxA,A,2,2,469,1-276_416-469:1_205|277-415:31_724
5nx8,5nx8B,B,3,3,458,15-108:1_95|109-394_436-479:2_341|395-435:42_1326
5ti1,5ti1A,A,2,2,426,4-134:20_490|135-436:40_1222
5tpr,5tprA,A,2,2,400,187-402:2_279|3-186:32_1016
5tux,5tuxA,A,2,2,272,18-164:1_80|188-312:27_655
5u92,5u92A,A,2,2,344,1-95:1_29|98-357:31_885
5ui2,5ui2A,A,2,2,279,18-168:1_80|190-317:27_655
5upp,5uppA,A,3,3,456,51-185:1_95|455-506:1_193|186-454:2_341
5uqs,5uqsA,A,2,2,420,304-418:1_84|31-303_419-450:1_244
5uqu,5uquA,A,2,2,429,308-424:1_84|28-307_425-456:1_244
5v4l,5v4lA,A,3,3,452,6-101:1_95|102-387_429-469:2_341|388-428:42_1326
5v4l,5v4lD,D,3,3,446,6-101:1_95|102-387_429-468:2_341|388-428:42_1326
5vkw,5vkwA,A,3,3,462,9-105:1_95|106-391_433-476:2_341|392-432:42_1326
5vkw,5vkwB,B,3,3,461,9-105:1_95|106-391_433-476:2_341|392-432:42_1326
5vlc,5vlcA,A,3,2,403,142-156_433-472:2_347|45-63_276-405_411-419:32_1016|70-138_157-270_423-429:32_1016
5vlc,5vlcE,E,3,2,402,142-156_433-472:2_347|45-63_276-405_411-419:32_1016|67-138_157-270_423-429:32_1016
5w56,5w56B,B,2,1,263,26-179:32_1016|182-309:32_1016
5xn8,5xn8A,A,2,2,365,160-365:2_279|1-159:32_1016
5xny,5xnyA,A,3,2,458,-1-105:1_95|374-457:999_999|106-370:2_341
5y5s,5y5sC,C,2,1,280,45-162_316-333:1_225|163-214_224-315:1_225
5ysc,5yscA,A,2,1,255,22-144:32_1016|145-276:32_1016
5zhq,5zhqA,A,2,2,353,2-95:1_29|98-356:31_885
5zli,5zliA,A,2,2,462,8-113:27_631|114-469:31_885
5zxl,5zxlA,A,2,2,367,160-367:2_279|1-159:32_1016
6abw,6abwA,A,2,2,344,220-323:1_84|14-219_324-357:1_244
6abx,6abxA,A,2,2,338,216-317:1_84|13-215_318-350:1_244
6an0,6an0A,A,3,2,403,100-114_388-427:2_347|3-19_232-360_366-374:32_1016|23-96_115-226_378-384:32_1016
6at7,6at7B,B,3,3,671,516-635:1_94|4-249:1_95|250-515_636-702:2_341
6c5c,6c5cA,A,2,2,385,180-387:2_279|-2-179:32_1016
6c5c,6c5cB,B,2,2,383,180-387:2_279|-2-179:32_1016
6d1v,6d1vA,A,2,1,265,0-114_262-274:27_641|115-139_150-261:27_641
6eub,6eubA,A,2,2,216,184-314_392-400:40_1162|315-391:41_1278
6grr,6grrB,B,4,3,696,314-723:24_615|86-186:27_655|187-292:27_655|6-84:31_865
6hjf,6hjfA,A,2,1,355,40-188_368-394:27_641|189-367:27_641
6ig5,6ig5A,A,3,3,439,27-124_196-235:1_95|367-438:1_193|125-195_236-366_439-465:2_341
6iow,6iowA,A,2,1,339,-3-142_304-335:32_1016|143-303:32_1016
6md5,6md5A,A,2,1,273,12-156:23_580|157-299:23_580
6mx3,6mx3A,A,2,2,163,154-194:2_347|195-336:32_1016
6mx3,6mx3B,B,2,2,170,154-194:2_347|195-336:32_1016
6n1m,6n1mA,A,3,3,455,5-139:1_95|408-459:1_193|140-407:2_341
6qnv,6qnvA,A,2,2,211,-1-2110_2181-2194:40_1162|2111-2180:41_1278
